id,email,username,password_hash
1,thanh@gmail.com,Thanh,pbkdf2:sha256:600000$jHyOHCmm8QneA4V8$c17d943af55f319aeb151cbe67bee42d81a4dd98a9ecdd14dcc52e729fe8a3f0
2,jane.doe@example.com,Jane Doe,pbkdf2:sha256:600000$abc123$e99a18c428cb38d5f260853678922e03
3,john.smith@example.com,John Smith,pbkdf2:sha256:600000$def456$ab56b4d92b40713acc5af89985d4b786
4,alice.jones@example.com,Alice Jones,pbkdf2:sha256:600000$ghi789$5f4dcc3b5aa765d61d8327deb882cf99
5,bob.brown@example.com,Bob Brown,pbkdf2:sha256:600000$jkl012$e99a18c428cb38d5f260853678922e03
6,eve.adams@example.com,Eve Adams,pbkdf2:sha256:600000$mno345$ab56b4d92b40713acc5af89985d4b786
7,charlie.davis@example.com,Charlie Davis,pbkdf2:sha256:600000$pqr678$5f4dcc3b5aa765d61d8327deb882cf99
8,david.evans@example.com,David Evans,pbkdf2:sha256:600000$stu901$c17d943af55f319aeb151cbe67bee42d81a4dd98a9ecdd14dcc52e729fe8a3f0
9,frank.garcia@example.com,Frank Garcia,pbkdf2:sha256:600000$vwx234$e99a18c428cb38d5f260853678922e03
10,grace.harris@example.com,Grace Harris,pbkdf2:sha256:600000$yzb567$ab56b4d92b40713acc5af89985d4b786
11,henry.lee@example.com,Henry Lee,pbkdf2:sha256:600000$cde890$5f4dcc3b5aa765d61d8327deb882cf99
12,irene.martin@example.com,Irene Martin,pbkdf2:sha256:600000$fgh123$c17d943af55f319aeb151cbe67bee42d81a4dd98a9ecdd14dcc52e729fe8a3f0
13,jack.nelson@example.com,Jack Nelson,pbkdf2:sha256:600000$ijk456$e99a18c428cb38d5f260853678922e03
14,kate.owen@example.com,Kate Owen,pbkdf2:sha256:600000$lmn789$ab56b4d92b40713acc5af89985d4b786
15,lucas.perez@example.com,Lucas Perez,pbkdf2:sha256:600000$opq012$5f4dcc3b5aa765d61d8327deb882cf99
16,mia.quinn@example.com,Mia Quinn,pbkdf2:sha256:600000$rst345$c17d943af55f319aeb151cbe67bee42d81a4dd98a9ecdd14dcc52e729fe8a3f0
17,noah.robinson@example.com,Noah Robinson,pbkdf2:sha256:600000$uvw678$e99a18c428cb38d5f260853678922e03
18,olivia.scott@example.com,Olivia Scott,pbkdf2:sha256:600000$xyz901$ab56b4d92b40713acc5af89985d4b786
19,paul.turner@example.com,Paul Turner,pbkdf2:sha256:600000$abc234$5f4dcc3b5aa765d61d8327deb882cf99
20,quincy.underwood@example.com,Quincy Underwood,pbkdf2:sha256:600000$def567$e99a18c428cb38d5f260853678922e03
21,rachel.vasquez@example.com,Rachel Vasquez,pbkdf2:sha256:600000$ghi890$ab56b4d92b40713acc5af89985d4b786
22,steve.williams@example.com,Steve Williams,pbkdf2:sha256:600000$jkl123$5f4dcc3b5aa765d61d8327deb882cf99
23,tina.xavier@example.com,Tina Xavier,pbkdf2:sha256:600000$mno456$e99a18c428cb38d5f260853678922e03
24,ursula.young@example.com,Ursula Young,pbkdf2:sha256:600000$pqr789$c17d943af55f319aeb151cbe67bee42d81a4dd98a9ecdd14dcc52e729fe8a3f0
25,victor.zimmerman@example.com,Victor Zimmerman,pbkdf2:sha256:600000$stu012$ab56b4d92b40713acc5af89985d4b786
26,wendy.allen@example.com,Wendy Allen,pbkdf2:sha256:600000$vwx345$5f4dcc3b5aa765d61d8327deb882cf99
27,xander.baker@example.com,Xander Baker,pbkdf2:sha256:600000$yzb678$e99a18c428cb38d5f260853678922e03
28,yvonne.clark@example.com,Yvonne Clark,pbkdf2:sha256:600000$cde901$ab56b4d92b40713acc5af89985d4b786
29,zachary.davis@example.com,Zachary Davis,pbkdf2:sha256:600000$fgh234$5f4dcc3b5aa765d61d8327deb882cf99
30,amelia.evans@example.com,Amelia Evans,pbkdf2:sha256:600000$ijk567$e99a18c428cb38d5f260853678922e03
31,benjamin.franklin@example.com,Benjamin Franklin,pbkdf2:sha256:600000$lmn890$c17d943af55f319aeb151cbe67bee42d81a4dd98a9ecdd14dcc52e729fe8a3f0
32,carol.garcia@example.com,Carol Garcia,pbkdf2:sha256:600000$opq345$ab56b4d92b40713acc5af89985d4b786
33,derek.harris@example.com,Derek Harris,pbkdf2:sha256:600000$rst678$5f4dcc3b5aa765d61d8327deb882cf99
34,emily.ivanov@example.com,Emily Ivanov,pbkdf2:sha256:600000$uvw901$e99a18c428cb38d5f260853678922e03
35,frank.jones@example.com,Frank Jones,pbkdf2:sha256:600000$xyz234$c17d943af55f319aeb151cbe67bee42d81a4dd98a9ecdd14dcc52e729fe8a3f0
36,george.kim@example.com,George Kim,pbkdf2:sha256:600000$abc567$ab56b4d92b40713acc5af89985d4b786
37,hannah.lee@example.com,Hannah Lee,pbkdf2:sha256:600000$def890$5f4dcc3b5aa765d61d8327deb882cf99
38,ian.martin@example.com,Ian Martin,pbkdf2:sha256:600000$ghi123$e99a18c428cb38d5f260853678922e03
39,julia.nelson@example.com,Julia Nelson,pbkdf2:sha256:600000$jkl456$c17d943af55f319aeb151cbe67bee42d81a4dd98a9ecdd14dcc52e729fe8a3f0
40,kevin.owen@example.com,Kevin Owen,pbkdf2:sha256:600000$mno789$ab56b4d92b40713acc5af89985d4b786